insert into paper values('Magic Cards : A Paper Tag Interface for Implicit Robot Control2', 'Zhao Shengdong2', 'CHI2 ', '1988 ', 'Typical Human Robot Interaction (HRI) assumes that the user explicitly interacts with robots.[ 2 ]', 'Content that shows what other people write to cite the suggested paper');
insert into paper values('Magic Cards : A Paper Tag Interface for Implicit Robot Control3', 'Zhao Shengdong3', 'CHI3 ', '1991 ', 'Typical Human Robot Interaction (HRI) assumes that the user explicitly interacts with robots.[2]', 'Content that shows what other people write to cite the suggested paper');
insert into Contextual_Info values(2, 'magic card[ 2 ]', 'provide the intuitive way to help user interact with robots ', '1989 ', 'CHI3', 'ZHao Shengdong[ 2 ]');
insert into RefInfo values(52, 'Magic Cards : A Paper Tag Interface for Implicit Robot Control3', 2);
insert into CitedInfo values('Magic Cards : A Paper Tag Interface for Implicit Robot Control2', 'Magic Cards : A Paper Tag Interface for Implicit Robot Control3');
insert into paper values('Magic Cards : A Paper Tag Interface for Implicit Robot Control4', 'Zhao Shengdong4', 'CHI4 ', '1993 ', 'Typical Human Robot Interaction (HRI) assumes that the user explicitly interacts with robots.[ 4 ]', 'Content that shows what other people write to cite the suggested paper');
insert into paper values('Magic Cards : A Paper Tag Interface for Implicit Robot Control5', 'Zhao Shengdong5', 'CHI5 ', '1998 ', 'Typical Human Robot Interaction (HRI) assumes that the user explicitly interacts with robots.[4]', 'Content that shows what other people write to cite the suggested paper');
insert into Contextual_Info values(4, 'magic card[ 4 ]', 'provide the intuitive way to help user interact with robots ', '1991 ', 'CHI5', 'ZHao Shengdong[ 4 ]');
insert into RefInfo values(54, 'Magic Cards : A Paper Tag Interface for Implicit Robot Control5', 4);
insert into CitedInfo values('Magic Cards : A Paper Tag Interface for Implicit Robot Control4', 'Magic Cards : A Paper Tag Interface for Implicit Robot Control5');
insert into paper values('Magic Cards : A Paper Tag Interface for Implicit Robot Control6', 'Zhao Shengdong6', 'CHI6 ', '1997 ', 'Typical Human Robot Interaction (HRI) assumes that the user explicitly interacts with robots.[ 6 ]', 'Content that shows what other people write to cite the suggested paper');
insert into paper values('Magic Cards : A Paper Tag Interface for Implicit Robot Control7', 'Zhao Shengdong7', 'CHI7 ', '2004 ', 'Typical Human Robot Interaction (HRI) assumes that the user explicitly interacts with robots.[6]', 'Content that shows what other people write to cite the suggested paper');
insert into Contextual_Info values(6, 'magic card[ 6 ]', 'provide the intuitive way to help user interact with robots ', '1993 ', 'CHI7', 'ZHao Shengdong[ 6 ]');
insert into RefInfo values(56, 'Magic Cards : A Paper Tag Interface for Implicit Robot Control7', 6);
insert into CitedInfo values('Magic Cards : A Paper Tag Interface for Implicit Robot Control6', 'Magic Cards : A Paper Tag Interface for Implicit Robot Control7');
insert into paper values('Magic Cards : A Paper Tag Interface for Implicit Robot Control8', 'Zhao Shengdong8', 'CHI8 ', '2001 ', 'Typical Human Robot Interaction (HRI) assumes that the user explicitly interacts with robots.[ 8 ]', 'Content that shows what other people write to cite the suggested paper');
insert into paper values('Magic Cards : A Paper Tag Interface for Implicit Robot Control9', 'Zhao Shengdong9', 'CHI9 ', '2010 ', 'Typical Human Robot Interaction (HRI) assumes that the user explicitly interacts with robots.[8]', 'Content that shows what other people write to cite the suggested paper');
insert into Contextual_Info values(8, 'magic card[ 8 ]', 'provide the intuitive way to help user interact with robots ', '1995 ', 'CHI9', 'ZHao Shengdong[ 8 ]');
insert into RefInfo values(58, 'Magic Cards : A Paper Tag Interface for Implicit Robot Control9', 8);
insert into CitedInfo values('Magic Cards : A Paper Tag Interface for Implicit Robot Control8', 'Magic Cards : A Paper Tag Interface for Implicit Robot Control9');
insert into paper values('Magic Cards : A Paper Tag Interface for Implicit Robot Control10', 'Zhao Shengdong10', 'CHI10 ', '2005 ', 'Typical Human Robot Interaction (HRI) assumes that the user explicitly interacts with robots.[ 10 ]', 'Content that shows what other people write to cite the suggested paper');
insert into paper values('Magic Cards : A Paper Tag Interface for Implicit Robot Control11', 'Zhao Shengdong11', 'CHI11 ', '2016 ', 'Typical Human Robot Interaction (HRI) assumes that the user explicitly interacts with robots.[10]', 'Content that shows what other people write to cite the suggested paper');
insert into Contextual_Info values(10, 'magic card[ 10 ]', 'provide the intuitive way to help user interact with robots ', '1997 ', 'CHI11', 'ZHao Shengdong[ 10 ]');
insert into RefInfo values(60, 'Magic Cards : A Paper Tag Interface for Implicit Robot Control11', 10);
insert into CitedInfo values('Magic Cards : A Paper Tag Interface for Implicit Robot Control10', 'Magic Cards : A Paper Tag Interface for Implicit Robot Control11');
insert into paper values('Magic Cards : A Paper Tag Interface for Implicit Robot Control12', 'Zhao Shengdong12', 'CHI12 ', '2009 ', 'Typical Human Robot Interaction (HRI) assumes that the user explicitly interacts with robots.[ 12 ]', 'Content that shows what other people write to cite the suggested paper');
insert into paper values('Magic Cards : A Paper Tag Interface for Implicit Robot Control13', 'Zhao Shengdong13', 'CHI13 ', '2022 ', 'Typical Human Robot Interaction (HRI) assumes that the user explicitly interacts with robots.[12]', 'Content that shows what other people write to cite the suggested paper');
insert into Contextual_Info values(12, 'magic card[ 12 ]', 'provide the intuitive way to help user interact with robots ', '1999 ', 'CHI13', 'ZHao Shengdong[ 12 ]');
insert into RefInfo values(62, 'Magic Cards : A Paper Tag Interface for Implicit Robot Control13', 12);
insert into CitedInfo values('Magic Cards : A Paper Tag Interface for Implicit Robot Control12', 'Magic Cards : A Paper Tag Interface for Implicit Robot Control13');
insert into paper values('Magic Cards : A Paper Tag Interface for Implicit Robot Control14', 'Zhao Shengdong14', 'CHI14 ', '2013 ', 'Typical Human Robot Interaction (HRI) assumes that the user explicitly interacts with robots.[ 14 ]', 'Content that shows what other people write to cite the suggested paper');
insert into paper values('Magic Cards : A Paper Tag Interface for Implicit Robot Control15', 'Zhao Shengdong15', 'CHI15 ', '2028 ', 'Typical Human Robot Interaction (HRI) assumes that the user explicitly interacts with robots.[14]', 'Content that shows what other people write to cite the suggested paper');
insert into Contextual_Info values(14, 'magic card[ 14 ]', 'provide the intuitive way to help user interact with robots ', '2001 ', 'CHI15', 'ZHao Shengdong[ 14 ]');
insert into RefInfo values(64, 'Magic Cards : A Paper Tag Interface for Implicit Robot Control15', 14);
insert into CitedInfo values('Magic Cards : A Paper Tag Interface for Implicit Robot Control14', 'Magic Cards : A Paper Tag Interface for Implicit Robot Control15');
insert into paper values('Magic Cards : A Paper Tag Interface for Implicit Robot Control16', 'Zhao Shengdong16', 'CHI16 ', '2017 ', 'Typical Human Robot Interaction (HRI) assumes that the user explicitly interacts with robots.[ 16 ]', 'Content that shows what other people write to cite the suggested paper');
insert into paper values('Magic Cards : A Paper Tag Interface for Implicit Robot Control17', 'Zhao Shengdong17', 'CHI17 ', '2034 ', 'Typical Human Robot Interaction (HRI) assumes that the user explicitly interacts with robots.[16]', 'Content that shows what other people write to cite the suggested paper');
insert into Contextual_Info values(16, 'magic card[ 16 ]', 'provide the intuitive way to help user interact with robots ', '2003 ', 'CHI17', 'ZHao Shengdong[ 16 ]');
insert into RefInfo values(66, 'Magic Cards : A Paper Tag Interface for Implicit Robot Control17', 16);
insert into CitedInfo values('Magic Cards : A Paper Tag Interface for Implicit Robot Control16', 'Magic Cards : A Paper Tag Interface for Implicit Robot Control17');
insert into paper values('Magic Cards : A Paper Tag Interface for Implicit Robot Control18', 'Zhao Shengdong18', 'CHI18 ', '2021 ', 'Typical Human Robot Interaction (HRI) assumes that the user explicitly interacts with robots.[ 18 ]', 'Content that shows what other people write to cite the suggested paper');
insert into paper values('Magic Cards : A Paper Tag Interface for Implicit Robot Control19', 'Zhao Shengdong19', 'CHI19 ', '2040 ', 'Typical Human Robot Interaction (HRI) assumes that the user explicitly interacts with robots.[18]', 'Content that shows what other people write to cite the suggested paper');
insert into Contextual_Info values(18, 'magic card[ 18 ]', 'provide the intuitive way to help user interact with robots ', '2005 ', 'CHI19', 'ZHao Shengdong[ 18 ]');
insert into RefInfo values(68, 'Magic Cards : A Paper Tag Interface for Implicit Robot Control19', 18);
insert into CitedInfo values('Magic Cards : A Paper Tag Interface for Implicit Robot Control18', 'Magic Cards : A Paper Tag Interface for Implicit Robot Control19');
insert into paper values('Magic Cards : A Paper Tag Interface for Implicit Robot Control20', 'Zhao Shengdong20', 'CHI20 ', '2025 ', 'Typical Human Robot Interaction (HRI) assumes that the user explicitly interacts with robots.[ 20 ]', 'Content that shows what other people write to cite the suggested paper');
insert into paper values('Magic Cards : A Paper Tag Interface for Implicit Robot Control21', 'Zhao Shengdong21', 'CHI21 ', '2046 ', 'Typical Human Robot Interaction (HRI) assumes that the user explicitly interacts with robots.[20]', 'Content that shows what other people write to cite the suggested paper');
insert into Contextual_Info values(20, 'magic card[ 20 ]', 'provide the intuitive way to help user interact with robots ', '2007 ', 'CHI21', 'ZHao Shengdong[ 20 ]');
insert into RefInfo values(70, 'Magic Cards : A Paper Tag Interface for Implicit Robot Control21', 20);
insert into CitedInfo values('Magic Cards : A Paper Tag Interface for Implicit Robot Control20', 'Magic Cards : A Paper Tag Interface for Implicit Robot Control21');
insert into paper values('Magic Cards : A Paper Tag Interface for Implicit Robot Control22', 'Zhao Shengdong22', 'CHI22 ', '2029 ', 'Typical Human Robot Interaction (HRI) assumes that the user explicitly interacts with robots.[ 22 ]', 'Content that shows what other people write to cite the suggested paper');
insert into paper values('Magic Cards : A Paper Tag Interface for Implicit Robot Control23', 'Zhao Shengdong23', 'CHI23 ', '2052 ', 'Typical Human Robot Interaction (HRI) assumes that the user explicitly interacts with robots.[22]', 'Content that shows what other people write to cite the suggested paper');
insert into Contextual_Info values(22, 'magic card[ 22 ]', 'provide the intuitive way to help user interact with robots ', '2009 ', 'CHI23', 'ZHao Shengdong[ 22 ]');
insert into RefInfo values(72, 'Magic Cards : A Paper Tag Interface for Implicit Robot Control23', 22);
insert into CitedInfo values('Magic Cards : A Paper Tag Interface for Implicit Robot Control22', 'Magic Cards : A Paper Tag Interface for Implicit Robot Control23');
insert into paper values('Magic Cards : A Paper Tag Interface for Implicit Robot Control24', 'Zhao Shengdong24', 'CHI24 ', '2033 ', 'Typical Human Robot Interaction (HRI) assumes that the user explicitly interacts with robots.[ 24 ]', 'Content that shows what other people write to cite the suggested paper');
insert into paper values('Magic Cards : A Paper Tag Interface for Implicit Robot Control25', 'Zhao Shengdong25', 'CHI25 ', '2058 ', 'Typical Human Robot Interaction (HRI) assumes that the user explicitly interacts with robots.[24]', 'Content that shows what other people write to cite the suggested paper');
insert into Contextual_Info values(24, 'magic card[ 24 ]', 'provide the intuitive way to help user interact with robots ', '2011 ', 'CHI25', 'ZHao Shengdong[ 24 ]');
insert into RefInfo values(74, 'Magic Cards : A Paper Tag Interface for Implicit Robot Control25', 24);
insert into CitedInfo values('Magic Cards : A Paper Tag Interface for Implicit Robot Control24', 'Magic Cards : A Paper Tag Interface for Implicit Robot Control25');
insert into paper values('Magic Cards : A Paper Tag Interface for Implicit Robot Control26', 'Zhao Shengdong26', 'CHI26 ', '2037 ', 'Typical Human Robot Interaction (HRI) assumes that the user explicitly interacts with robots.[ 26 ]', 'Content that shows what other people write to cite the suggested paper');
insert into paper values('Magic Cards : A Paper Tag Interface for Implicit Robot Control27', 'Zhao Shengdong27', 'CHI27 ', '2064 ', 'Typical Human Robot Interaction (HRI) assumes that the user explicitly interacts with robots.[26]', 'Content that shows what other people write to cite the suggested paper');
insert into Contextual_Info values(26, 'magic card[ 26 ]', 'provide the intuitive way to help user interact with robots ', '2013 ', 'CHI27', 'ZHao Shengdong[ 26 ]');
insert into RefInfo values(76, 'Magic Cards : A Paper Tag Interface for Implicit Robot Control27', 26);
insert into CitedInfo values('Magic card usability survey', 'Magic Cards : A Paper Tag Interface for Implicit Robot Control');
insert into paper values('Magic Cards : A Paper Tag Interface for Implicit Robot Control', 'Zhao Shengdong', 'CHI ', '2009 ', 'Typical Human Robot Interaction (HRI) assumes that the user explicitly interacts with robots.', 'Content that shows what other people write to cite the suggested paper');
insert into paper values('Magic Cards : A Paper Tag Interface for Implicit Robot Control29', 'Zhao Shengdong29', 'CHI29 ', '2070 ', 'Typical Human Robot Interaction (HRI) assumes that the user explicitly interacts with robots.[28]', 'Content that shows what other people write to cite the suggested paper');
insert into Contextual_Info values(28, 'magic card[ 28 ]', 'provide the intuitive way to help user interact with robots ', '2015 ', 'CHI29', 'ZHao Shengdong[ 28 ]');
insert into RefInfo values(78, 'Magic Cards : A Paper Tag Interface for Implicit Robot Control29', 28);
insert into CitedInfo values('Magic Cards : A Paper Tag Interface for Implicit Robot Control28', 'Magic Cards : A Paper Tag Interface for Implicit Robot Control29');
insert into paper values('Magic Cards : A Paper Tag Interface for Implicit Robot Control30', 'Zhao Shengdong30', 'CHI30 ', '2045 ', 'Typical Human Robot Interaction (HRI) assumes that the user explicitly interacts with robots.[ 30 ]', 'Content that shows what other people write to cite the suggested paper');
insert into paper values('Magic Cards : A Paper Tag Interface for Implicit Robot Control31', 'Zhao Shengdong', 'CHI31 ', '2076 ', 'Typical Human Robot Interaction (HRI) assumes that the user explicitly interacts with robots.[30]', 'Content that shows what other people write to cite the suggested paper');
insert into Contextual_Info values(10, 'magic card', 'provide the intuitive way to help user interact with robots ', '2009 ', 'CHI,UIST', 'ZHao Shengdong');
insert into RefInfo values(80, 'Magic Cards : A Paper Tag Interface for Implicit Robot Control', 30);
insert into CitedInfo values('Magic Cards : A Paper Tag Interface for Implicit Robot Control30', 'Magic Cards : A Paper Tag Interface for Implicit Robot Control31');
